Epoch: [0][0/9537], lr: 0.01000	Time 3.932 (3.932)	Data 2.775 (2.775)	Loss 4.6038 (4.6038)	Prec@1 0.000 (0.000)	Prec@5 0.000 (0.000)
Epoch: [0][20/9537], lr: 0.01000	Time 0.237 (0.409)	Data 0.000 (0.132)	Loss 19.8189 (27.3251)	Prec@1 0.000 (0.000)	Prec@5 0.000 (19.048)
Epoch: [0][40/9537], lr: 0.01000	Time 0.230 (0.323)	Data 0.000 (0.068)	Loss 17.3195 (20.5277)	Prec@1 0.000 (2.439)	Prec@5 0.000 (14.634)
Epoch: [0][60/9537], lr: 0.01000	Time 0.230 (0.292)	Data 0.000 (0.046)	Loss 8.1131 (16.4219)	Prec@1 0.000 (1.639)	Prec@5 0.000 (9.836)
Epoch: [0][80/9537], lr: 0.01000	Time 0.228 (0.277)	Data 0.000 (0.034)	Loss 6.5908 (14.0873)	Prec@1 0.000 (1.235)	Prec@5 0.000 (7.407)
Epoch: [0][100/9537], lr: 0.01000	Time 0.230 (0.267)	Data 0.000 (0.028)	Loss 7.7896 (12.4926)	Prec@1 0.000 (0.990)	Prec@5 0.000 (7.921)
Epoch: [0][120/9537], lr: 0.01000	Time 0.231 (0.261)	Data 0.000 (0.023)	Loss 3.7858 (11.3791)	Prec@1 0.000 (1.653)	Prec@5 0.000 (7.438)
Epoch: [0][140/9537], lr: 0.01000	Time 0.230 (0.257)	Data 0.000 (0.020)	Loss 6.1511 (10.5998)	Prec@1 0.000 (1.418)	Prec@5 0.000 (6.383)
Epoch: [0][160/9537], lr: 0.01000	Time 0.230 (0.254)	Data 0.000 (0.017)	Loss 5.2688 (9.9347)	Prec@1 0.000 (1.242)	Prec@5 0.000 (6.832)
Epoch: [0][180/9537], lr: 0.01000	Time 0.231 (0.251)	Data 0.000 (0.015)	Loss 5.7478 (9.4471)	Prec@1 0.000 (1.105)	Prec@5 0.000 (6.077)
Epoch: [0][200/9537], lr: 0.01000	Time 0.230 (0.249)	Data 0.000 (0.014)	Loss 4.6742 (9.0281)	Prec@1 0.000 (0.995)	Prec@5 0.000 (6.468)
Epoch: [0][220/9537], lr: 0.01000	Time 0.230 (0.247)	Data 0.000 (0.013)	Loss 4.2116 (8.7282)	Prec@1 0.000 (0.905)	Prec@5 0.000 (5.882)
Epoch: [0][240/9537], lr: 0.01000	Time 0.227 (0.247)	Data 0.000 (0.012)	Loss 5.6425 (8.4283)	Prec@1 0.000 (0.830)	Prec@5 0.000 (5.809)
Epoch: [0][260/9537], lr: 0.01000	Time 0.271 (0.248)	Data 0.000 (0.012)	Loss 4.3180 (8.1738)	Prec@1 0.000 (0.766)	Prec@5 0.000 (5.364)
Epoch: [0][280/9537], lr: 0.01000	Time 0.247 (0.248)	Data 0.000 (0.012)	Loss 5.0293 (7.9493)	Prec@1 0.000 (0.712)	Prec@5 0.000 (5.694)
Epoch: [0][300/9537], lr: 0.01000	Time 0.241 (0.248)	Data 0.000 (0.011)	Loss 5.8448 (7.7656)	Prec@1 0.000 (0.664)	Prec@5 0.000 (5.316)
Epoch: [0][320/9537], lr: 0.01000	Time 0.245 (0.247)	Data 0.000 (0.010)	Loss 3.9689 (7.5818)	Prec@1 0.000 (0.623)	Prec@5 0.000 (5.296)
Epoch: [0][340/9537], lr: 0.01000	Time 0.254 (0.247)	Data 0.000 (0.010)	Loss 3.6742 (7.4290)	Prec@1 0.000 (0.880)	Prec@5 0.000 (5.279)
Epoch: [0][360/9537], lr: 0.01000	Time 0.231 (0.246)	Data 0.000 (0.009)	Loss 4.9589 (7.2935)	Prec@1 0.000 (0.831)	Prec@5 0.000 (5.540)
Epoch: [0][380/9537], lr: 0.01000	Time 0.230 (0.245)	Data 0.000 (0.009)	Loss 4.4554 (7.1800)	Prec@1 0.000 (0.787)	Prec@5 0.000 (5.249)
Epoch: [0][400/9537], lr: 0.01000	Time 0.228 (0.245)	Data 0.000 (0.008)	Loss 4.8986 (7.0644)	Prec@1 0.000 (0.998)	Prec@5 0.000 (5.486)
Epoch: [0][420/9537], lr: 0.01000	Time 0.231 (0.244)	Data 0.000 (0.008)	Loss 5.0973 (6.9580)	Prec@1 0.000 (0.950)	Prec@5 0.000 (5.701)
Epoch: [0][440/9537], lr: 0.01000	Time 0.231 (0.243)	Data 0.000 (0.007)	Loss 5.2300 (6.8650)	Prec@1 0.000 (1.134)	Prec@5 0.000 (5.669)
Epoch: [0][460/9537], lr: 0.01000	Time 0.231 (0.243)	Data 0.000 (0.007)	Loss 5.5546 (6.7909)	Prec@1 0.000 (1.302)	Prec@5 0.000 (5.640)
Epoch: [0][480/9537], lr: 0.01000	Time 0.231 (0.242)	Data 0.000 (0.007)	Loss 3.9906 (6.7081)	Prec@1 0.000 (1.455)	Prec@5 0.000 (5.821)
Epoch: [0][500/9537], lr: 0.01000	Time 0.231 (0.242)	Data 0.000 (0.007)	Loss 5.6643 (6.6344)	Prec@1 0.000 (1.397)	Prec@5 0.000 (5.589)
Epoch: [0][520/9537], lr: 0.01000	Time 0.231 (0.241)	Data 0.000 (0.006)	Loss 5.5296 (6.5659)	Prec@1 0.000 (1.344)	Prec@5 0.000 (5.374)
Epoch: [0][540/9537], lr: 0.01000	Time 0.230 (0.241)	Data 0.000 (0.006)	Loss 3.9806 (6.5000)	Prec@1 0.000 (1.294)	Prec@5 0.000 (5.730)
Epoch: [0][560/9537], lr: 0.01000	Time 0.228 (0.241)	Data 0.000 (0.006)	Loss 3.9014 (6.4472)	Prec@1 0.000 (1.248)	Prec@5 0.000 (5.526)
Epoch: [0][580/9537], lr: 0.01000	Time 0.230 (0.240)	Data 0.000 (0.006)	Loss 5.5515 (6.3950)	Prec@1 0.000 (1.205)	Prec@5 0.000 (5.336)
Epoch: [0][600/9537], lr: 0.01000	Time 0.231 (0.240)	Data 0.000 (0.005)	Loss 4.8419 (6.3483)	Prec@1 0.000 (1.165)	Prec@5 0.000 (5.324)
Epoch: [0][620/9537], lr: 0.01000	Time 0.231 (0.240)	Data 0.000 (0.005)	Loss 4.7445 (6.2974)	Prec@1 0.000 (1.127)	Prec@5 0.000 (5.475)
Epoch: [0][640/9537], lr: 0.01000	Time 0.228 (0.239)	Data 0.000 (0.005)	Loss 5.0806 (6.2518)	Prec@1 0.000 (1.092)	Prec@5 0.000 (5.460)
Epoch: [0][660/9537], lr: 0.01000	Time 0.230 (0.239)	Data 0.000 (0.005)	Loss 6.3409 (6.2120)	Prec@1 0.000 (1.059)	Prec@5 0.000 (5.446)
Epoch: [0][680/9537], lr: 0.01000	Time 0.230 (0.239)	Data 0.000 (0.005)	Loss 3.9583 (6.1788)	Prec@1 0.000 (1.028)	Prec@5 0.000 (5.286)
Epoch: [0][700/9537], lr: 0.01000	Time 0.229 (0.239)	Data 0.000 (0.005)	Loss 3.3164 (6.1375)	Prec@1 0.000 (1.141)	Prec@5 100.000 (5.421)
Epoch: [0][720/9537], lr: 0.01000	Time 0.230 (0.238)	Data 0.000 (0.005)	Loss 5.7698 (6.0960)	Prec@1 0.000 (1.110)	Prec@5 0.000 (5.409)
Epoch: [0][740/9537], lr: 0.01000	Time 0.231 (0.238)	Data 0.000 (0.004)	Loss 5.7462 (6.0570)	Prec@1 0.000 (1.215)	Prec@5 0.000 (5.533)
Epoch: [0][760/9537], lr: 0.01000	Time 0.230 (0.238)	Data 0.000 (0.004)	Loss 5.7281 (6.0288)	Prec@1 0.000 (1.183)	Prec@5 0.000 (5.519)
Epoch: [0][780/9537], lr: 0.01000	Time 0.230 (0.238)	Data 0.000 (0.004)	Loss 4.5111 (5.9972)	Prec@1 0.000 (1.152)	Prec@5 0.000 (5.378)
Epoch: [0][800/9537], lr: 0.01000	Time 0.231 (0.238)	Data 0.000 (0.004)	Loss 3.3984 (5.9709)	Prec@1 100.000 (1.248)	Prec@5 100.000 (5.368)
Epoch: [0][820/9537], lr: 0.01000	Time 0.230 (0.237)	Data 0.000 (0.004)	Loss 6.4241 (5.9433)	Prec@1 0.000 (1.218)	Prec@5 0.000 (5.359)
Epoch: [0][840/9537], lr: 0.01000	Time 0.230 (0.237)	Data 0.000 (0.004)	Loss 5.4789 (5.9217)	Prec@1 0.000 (1.189)	Prec@5 0.000 (5.232)
Epoch: [0][860/9537], lr: 0.01000	Time 0.228 (0.237)	Data 0.000 (0.004)	Loss 4.7923 (5.8932)	Prec@1 0.000 (1.161)	Prec@5 0.000 (5.110)
Epoch: [0][880/9537], lr: 0.01000	Time 0.231 (0.237)	Data 0.000 (0.004)	Loss 4.9416 (5.8670)	Prec@1 0.000 (1.135)	Prec@5 0.000 (5.335)
Epoch: [0][900/9537], lr: 0.01000	Time 0.231 (0.237)	Data 0.000 (0.004)	Loss 5.5858 (5.8467)	Prec@1 0.000 (1.110)	Prec@5 0.000 (5.216)
Epoch: [0][920/9537], lr: 0.01000	Time 0.231 (0.237)	Data 0.000 (0.004)	Loss 5.3198 (5.8299)	Prec@1 0.000 (1.086)	Prec@5 0.000 (5.103)
Epoch: [0][940/9537], lr: 0.01000	Time 0.230 (0.237)	Data 0.000 (0.004)	Loss 4.9819 (5.8101)	Prec@1 0.000 (1.063)	Prec@5 0.000 (4.995)
Epoch: [0][960/9537], lr: 0.01000	Time 0.230 (0.236)	Data 0.000 (0.003)	Loss 4.6782 (5.7901)	Prec@1 0.000 (1.041)	Prec@5 0.000 (4.891)
Epoch: [0][980/9537], lr: 0.01000	Time 0.231 (0.236)	Data 0.000 (0.003)	Loss 6.2019 (5.7691)	Prec@1 0.000 (1.121)	Prec@5 0.000 (4.893)
Epoch: [0][1000/9537], lr: 0.01000	Time 0.230 (0.236)	Data 0.000 (0.003)	Loss 5.6591 (5.7530)	Prec@1 0.000 (1.099)	Prec@5 0.000 (4.895)
Epoch: [0][1020/9537], lr: 0.01000	Time 0.229 (0.236)	Data 0.000 (0.003)	Loss 5.1384 (5.7335)	Prec@1 0.000 (1.077)	Prec@5 0.000 (4.995)
Epoch: [0][1040/9537], lr: 0.01000	Time 0.230 (0.236)	Data 0.000 (0.003)	Loss 4.7226 (5.7133)	Prec@1 0.000 (1.057)	Prec@5 0.000 (4.899)
Epoch: [0][1060/9537], lr: 0.01000	Time 0.250 (0.236)	Data 0.000 (0.003)	Loss 4.8193 (5.7026)	Prec@1 0.000 (1.037)	Prec@5 0.000 (4.901)
Epoch: [0][1080/9537], lr: 0.01000	Time 0.234 (0.236)	Data 0.000 (0.003)	Loss 6.0103 (5.6927)	Prec@1 0.000 (1.018)	Prec@5 0.000 (4.810)
Epoch: [0][1100/9537], lr: 0.01000	Time 0.230 (0.236)	Data 0.000 (0.003)	Loss 4.2557 (5.6761)	Prec@1 0.000 (0.999)	Prec@5 0.000 (4.905)
Epoch: [0][1120/9537], lr: 0.01000	Time 0.234 (0.236)	Data 0.000 (0.003)	Loss 6.2783 (5.6658)	Prec@1 0.000 (0.981)	Prec@5 0.000 (4.996)
Epoch: [0][1140/9537], lr: 0.01000	Time 0.228 (0.236)	Data 0.000 (0.003)	Loss 5.0442 (5.6517)	Prec@1 0.000 (0.964)	Prec@5 0.000 (4.996)
Epoch: [0][1160/9537], lr: 0.01000	Time 0.231 (0.236)	Data 0.000 (0.003)	Loss 4.9005 (5.6327)	Prec@1 0.000 (1.034)	Prec@5 0.000 (5.168)
Epoch: [0][1180/9537], lr: 0.01000	Time 0.230 (0.236)	Data 0.000 (0.003)	Loss 6.1254 (5.6187)	Prec@1 0.000 (1.101)	Prec@5 0.000 (5.165)
Epoch: [0][1200/9537], lr: 0.01000	Time 0.233 (0.236)	Data 0.000 (0.003)	Loss 5.1626 (5.6045)	Prec@1 0.000 (1.082)	Prec@5 0.000 (5.162)
Epoch: [0][1220/9537], lr: 0.01000	Time 0.231 (0.235)	Data 0.000 (0.003)	Loss 5.7211 (5.5946)	Prec@1 0.000 (1.065)	Prec@5 0.000 (5.078)
Epoch: [0][1240/9537], lr: 0.01000	Time 0.231 (0.235)	Data 0.000 (0.003)	Loss 5.7212 (5.5841)	Prec@1 0.000 (1.128)	Prec@5 0.000 (5.157)
Epoch: [0][1260/9537], lr: 0.01000	Time 0.233 (0.235)	Data 0.000 (0.003)	Loss 5.6955 (5.5725)	Prec@1 0.000 (1.110)	Prec@5 0.000 (5.234)
Epoch: [0][1280/9537], lr: 0.01000	Time 0.232 (0.235)	Data 0.000 (0.003)	Loss 4.1517 (5.5597)	Prec@1 0.000 (1.093)	Prec@5 0.000 (5.308)
Epoch: [0][1300/9537], lr: 0.01000	Time 0.231 (0.235)	Data 0.000 (0.003)	Loss 5.8507 (5.5512)	Prec@1 0.000 (1.076)	Prec@5 0.000 (5.227)
Epoch: [0][1320/9537], lr: 0.01000	Time 0.232 (0.235)	Data 0.000 (0.003)	Loss 2.9539 (5.5349)	Prec@1 100.000 (1.136)	Prec@5 100.000 (5.375)
Epoch: [0][1340/9537], lr: 0.01000	Time 0.230 (0.235)	Data 0.000 (0.002)	Loss 4.4097 (5.5232)	Prec@1 0.000 (1.119)	Prec@5 0.000 (5.444)
Epoch: [0][1360/9537], lr: 0.01000	Time 0.231 (0.235)	Data 0.000 (0.002)	Loss 4.6002 (5.5121)	Prec@1 0.000 (1.102)	Prec@5 0.000 (5.437)
Epoch: [0][1380/9537], lr: 0.01000	Time 0.231 (0.235)	Data 0.000 (0.002)	Loss 4.3613 (5.5055)	Prec@1 0.000 (1.086)	Prec@5 0.000 (5.358)
Epoch: [0][1400/9537], lr: 0.01000	Time 0.232 (0.235)	Data 0.000 (0.002)	Loss 3.7515 (5.4976)	Prec@1 0.000 (1.071)	Prec@5 100.000 (5.353)
Epoch: [0][1420/9537], lr: 0.01000	Time 0.230 (0.235)	Data 0.000 (0.002)	Loss 3.2297 (5.4871)	Prec@1 100.000 (1.126)	Prec@5 100.000 (5.348)
Epoch: [0][1440/9537], lr: 0.01000	Time 0.232 (0.235)	Data 0.000 (0.002)	Loss 2.6064 (5.4735)	Prec@1 0.000 (1.180)	Prec@5 100.000 (5.552)
Epoch: [0][1460/9537], lr: 0.01000	Time 0.232 (0.235)	Data 0.000 (0.002)	Loss 4.4271 (5.4659)	Prec@1 0.000 (1.164)	Prec@5 0.000 (5.613)
Epoch: [0][1480/9537], lr: 0.01000	Time 0.231 (0.235)	Data 0.000 (0.002)	Loss 5.3313 (5.4572)	Prec@1 0.000 (1.148)	Prec@5 0.000 (5.604)
Epoch: [0][1500/9537], lr: 0.01000	Time 0.232 (0.235)	Data 0.000 (0.002)	Loss 4.9650 (5.4484)	Prec@1 0.000 (1.133)	Prec@5 0.000 (5.596)
Epoch: [0][1520/9537], lr: 0.01000	Time 0.236 (0.235)	Data 0.000 (0.002)	Loss 5.0897 (5.4372)	Prec@1 0.000 (1.118)	Prec@5 0.000 (5.654)
Epoch: [0][1540/9537], lr: 0.01000	Time 0.232 (0.235)	Data 0.000 (0.002)	Loss 5.8581 (5.4301)	Prec@1 0.000 (1.168)	Prec@5 0.000 (5.646)
Epoch: [0][1560/9537], lr: 0.01000	Time 0.231 (0.235)	Data 0.000 (0.002)	Loss 4.3204 (5.4264)	Prec@1 0.000 (1.153)	Prec@5 0.000 (5.637)
Epoch: [0][1580/9537], lr: 0.01000	Time 0.233 (0.235)	Data 0.000 (0.002)	Loss 5.1354 (5.4192)	Prec@1 0.000 (1.139)	Prec@5 0.000 (5.566)
Epoch: [0][1600/9537], lr: 0.01000	Time 0.234 (0.234)	Data 0.000 (0.002)	Loss 5.3338 (5.4116)	Prec@1 0.000 (1.124)	Prec@5 0.000 (5.497)
Epoch: [0][1620/9537], lr: 0.01000	Time 0.234 (0.234)	Data 0.000 (0.002)	Loss 6.4631 (5.4052)	Prec@1 0.000 (1.110)	Prec@5 0.000 (5.429)
Epoch: [0][1640/9537], lr: 0.01000	Time 0.231 (0.234)	Data 0.000 (0.002)	Loss 5.0824 (5.3979)	Prec@1 0.000 (1.097)	Prec@5 0.000 (5.363)
Epoch: [0][1660/9537], lr: 0.01000	Time 0.232 (0.234)	Data 0.000 (0.002)	Loss 5.6470 (5.3913)	Prec@1 0.000 (1.084)	Prec@5 0.000 (5.298)
Epoch: [0][1680/9537], lr: 0.01000	Time 0.234 (0.234)	Data 0.000 (0.002)	Loss 5.1750 (5.3864)	Prec@1 0.000 (1.071)	Prec@5 0.000 (5.235)
Epoch: [0][1700/9537], lr: 0.01000	Time 0.228 (0.234)	Data 0.000 (0.002)	Loss 4.5616 (5.3807)	Prec@1 0.000 (1.058)	Prec@5 0.000 (5.173)
Epoch: [0][1720/9537], lr: 0.01000	Time 0.229 (0.234)	Data 0.000 (0.002)	Loss 4.9515 (5.3721)	Prec@1 0.000 (1.046)	Prec@5 0.000 (5.113)
Epoch: [0][1740/9537], lr: 0.01000	Time 0.234 (0.234)	Data 0.000 (0.002)	Loss 4.7642 (5.3693)	Prec@1 0.000 (1.034)	Prec@5 0.000 (5.055)
Epoch: [0][1760/9537], lr: 0.01000	Time 0.232 (0.234)	Data 0.000 (0.002)	Loss 5.8674 (5.3636)	Prec@1 0.000 (1.022)	Prec@5 0.000 (5.054)
Epoch: [0][1780/9537], lr: 0.01000	Time 0.231 (0.234)	Data 0.000 (0.002)	Loss 5.7034 (5.3592)	Prec@1 0.000 (1.011)	Prec@5 0.000 (5.053)
Epoch: [0][1800/9537], lr: 0.01000	Time 0.232 (0.234)	Data 0.000 (0.002)	Loss 5.9629 (5.3526)	Prec@1 0.000 (0.999)	Prec@5 0.000 (5.053)
Epoch: [0][1820/9537], lr: 0.01000	Time 0.231 (0.234)	Data 0.000 (0.002)	Loss 5.7891 (5.3465)	Prec@1 0.000 (0.988)	Prec@5 0.000 (5.107)
Epoch: [0][1840/9537], lr: 0.01000	Time 0.230 (0.234)	Data 0.000 (0.002)	Loss 6.4438 (5.3424)	Prec@1 0.000 (0.978)	Prec@5 0.000 (5.052)
Epoch: [0][1860/9537], lr: 0.01000	Time 0.231 (0.234)	Data 0.000 (0.002)	Loss 4.7723 (5.3375)	Prec@1 0.000 (0.967)	Prec@5 0.000 (4.997)
Epoch: [0][1880/9537], lr: 0.01000	Time 0.230 (0.234)	Data 0.000 (0.002)	Loss 4.7672 (5.3310)	Prec@1 0.000 (0.957)	Prec@5 0.000 (4.997)
Epoch: [0][1900/9537], lr: 0.01000	Time 0.234 (0.234)	Data 0.000 (0.002)	Loss 5.9805 (5.3266)	Prec@1 0.000 (0.947)	Prec@5 0.000 (5.050)
Epoch: [0][1920/9537], lr: 0.01000	Time 0.230 (0.234)	Data 0.000 (0.002)	Loss 4.7760 (5.3220)	Prec@1 0.000 (0.937)	Prec@5 0.000 (4.997)
Epoch: [0][1940/9537], lr: 0.01000	Time 0.231 (0.234)	Data 0.000 (0.002)	Loss 4.7328 (5.3171)	Prec@1 0.000 (0.927)	Prec@5 0.000 (4.946)
Epoch: [0][1960/9537], lr: 0.01000	Time 0.233 (0.234)	Data 0.000 (0.002)	Loss 4.4676 (5.3139)	Prec@1 0.000 (0.918)	Prec@5 0.000 (4.895)
Epoch: [0][1980/9537], lr: 0.01000	Time 0.231 (0.234)	Data 0.000 (0.002)	Loss 4.3967 (5.3099)	Prec@1 0.000 (0.909)	Prec@5 0.000 (4.846)
Epoch: [0][2000/9537], lr: 0.01000	Time 0.231 (0.234)	Data 0.000 (0.002)	Loss 5.7498 (5.3051)	Prec@1 0.000 (0.900)	Prec@5 0.000 (4.848)
Epoch: [0][2020/9537], lr: 0.01000	Time 0.231 (0.234)	Data 0.000 (0.002)	Loss 5.3136 (5.3011)	Prec@1 0.000 (0.891)	Prec@5 0.000 (4.899)
Epoch: [0][2040/9537], lr: 0.01000	Time 0.234 (0.234)	Data 0.000 (0.002)	Loss 4.4065 (5.2976)	Prec@1 0.000 (0.882)	Prec@5 0.000 (4.900)
Epoch: [0][2060/9537], lr: 0.01000	Time 0.229 (0.234)	Data 0.000 (0.002)	Loss 5.1010 (5.2946)	Prec@1 0.000 (0.873)	Prec@5 0.000 (4.852)
Epoch: [0][2080/9537], lr: 0.01000	Time 0.231 (0.234)	Data 0.000 (0.002)	Loss 3.9841 (5.2884)	Prec@1 0.000 (0.913)	Prec@5 0.000 (4.901)
Epoch: [0][2100/9537], lr: 0.01000	Time 0.234 (0.234)	Data 0.000 (0.002)	Loss 4.5491 (5.2832)	Prec@1 0.000 (0.904)	Prec@5 0.000 (4.950)
Epoch: [0][2120/9537], lr: 0.01000	Time 0.235 (0.234)	Data 0.000 (0.002)	Loss 4.4566 (5.2776)	Prec@1 0.000 (0.896)	Prec@5 0.000 (4.950)
Epoch: [0][2140/9537], lr: 0.01000	Time 0.231 (0.234)	Data 0.000 (0.002)	Loss 3.5855 (5.2759)	Prec@1 0.000 (0.887)	Prec@5 100.000 (4.998)
Epoch: [0][2160/9537], lr: 0.01000	Time 0.229 (0.234)	Data 0.000 (0.002)	Loss 3.8166 (5.2743)	Prec@1 0.000 (0.925)	Prec@5 100.000 (5.044)
Epoch: [0][2180/9537], lr: 0.01000	Time 0.234 (0.234)	Data 0.000 (0.002)	Loss 4.9151 (5.2691)	Prec@1 0.000 (0.963)	Prec@5 0.000 (5.089)
Epoch: [0][2200/9537], lr: 0.01000	Time 0.232 (0.234)	Data 0.000 (0.002)	Loss 2.8971 (5.2630)	Prec@1 100.000 (1.000)	Prec@5 100.000 (5.179)
Epoch: [0][2220/9537], lr: 0.01000	Time 0.231 (0.234)	Data 0.000 (0.002)	Loss 5.5822 (5.2594)	Prec@1 0.000 (0.991)	Prec@5 0.000 (5.178)
Epoch: [0][2240/9537], lr: 0.01000	Time 0.230 (0.234)	Data 0.000 (0.002)	Loss 3.8808 (5.2555)	Prec@1 0.000 (0.982)	Prec@5 0.000 (5.132)
Epoch: [0][2260/9537], lr: 0.01000	Time 0.234 (0.234)	Data 0.000 (0.002)	Loss 4.3210 (5.2515)	Prec@1 0.000 (0.973)	Prec@5 0.000 (5.086)
Epoch: [0][2280/9537], lr: 0.01000	Time 0.232 (0.234)	Data 0.000 (0.002)	Loss 4.8934 (5.2484)	Prec@1 0.000 (0.964)	Prec@5 0.000 (5.042)
Epoch: [0][2300/9537], lr: 0.01000	Time 0.230 (0.234)	Data 0.000 (0.001)	Loss 4.9455 (5.2428)	Prec@1 0.000 (1.000)	Prec@5 0.000 (5.085)
Epoch: [0][2320/9537], lr: 0.01000	Time 0.231 (0.234)	Data 0.000 (0.001)	Loss 5.2839 (5.2408)	Prec@1 0.000 (0.991)	Prec@5 0.000 (5.041)
Epoch: [0][2340/9537], lr: 0.01000	Time 0.233 (0.234)	Data 0.000 (0.001)	Loss 4.7017 (5.2386)	Prec@1 0.000 (0.982)	Prec@5 0.000 (4.998)
Epoch: [0][2360/9537], lr: 0.01000	Time 0.228 (0.234)	Data 0.000 (0.001)	Loss 5.3540 (5.2354)	Prec@1 0.000 (1.017)	Prec@5 0.000 (5.083)
Epoch: [0][2380/9537], lr: 0.01000	Time 0.245 (0.234)	Data 0.000 (0.001)	Loss 4.3020 (5.2332)	Prec@1 0.000 (1.008)	Prec@5 0.000 (5.040)
Epoch: [0][2400/9537], lr: 0.01000	Time 0.236 (0.234)	Data 0.000 (0.001)	Loss 4.4793 (5.2298)	Prec@1 0.000 (1.041)	Prec@5 0.000 (5.040)
Epoch: [0][2420/9537], lr: 0.01000	Time 0.233 (0.234)	Data 0.000 (0.001)	Loss 4.5309 (5.2259)	Prec@1 0.000 (1.074)	Prec@5 0.000 (5.081)
Epoch: [0][2440/9537], lr: 0.01000	Time 0.231 (0.234)	Data 0.000 (0.001)	Loss 4.6700 (5.2238)	Prec@1 0.000 (1.065)	Prec@5 0.000 (5.039)
Epoch: [0][2460/9537], lr: 0.01000	Time 0.230 (0.234)	Data 0.000 (0.001)	Loss 4.6572 (5.2197)	Prec@1 0.000 (1.097)	Prec@5 0.000 (5.079)
Epoch: [0][2480/9537], lr: 0.01000	Time 0.229 (0.234)	Data 0.000 (0.001)	Loss 5.1510 (5.2165)	Prec@1 0.000 (1.088)	Prec@5 0.000 (5.038)
Epoch: [0][2500/9537], lr: 0.01000	Time 0.230 (0.233)	Data 0.000 (0.001)	Loss 5.4767 (5.2129)	Prec@1 0.000 (1.120)	Prec@5 0.000 (5.078)
Epoch: [0][2520/9537], lr: 0.01000	Time 0.231 (0.233)	Data 0.000 (0.001)	Loss 5.1842 (5.2098)	Prec@1 0.000 (1.111)	Prec@5 0.000 (5.157)
Epoch: [0][2540/9537], lr: 0.01000	Time 0.228 (0.233)	Data 0.000 (0.001)	Loss 5.8062 (5.2084)	Prec@1 0.000 (1.102)	Prec@5 0.000 (5.116)
Epoch: [0][2560/9537], lr: 0.01000	Time 0.229 (0.233)	Data 0.000 (0.001)	Loss 4.5368 (5.2075)	Prec@1 0.000 (1.093)	Prec@5 0.000 (5.115)
Epoch: [0][2580/9537], lr: 0.01000	Time 0.230 (0.233)	Data 0.000 (0.001)	Loss 4.2901 (5.2038)	Prec@1 0.000 (1.085)	Prec@5 0.000 (5.114)
Epoch: [0][2600/9537], lr: 0.01000	Time 0.230 (0.233)	Data 0.000 (0.001)	Loss 5.2756 (5.2003)	Prec@1 0.000 (1.115)	Prec@5 0.000 (5.152)
Epoch: [0][2620/9537], lr: 0.01000	Time 0.230 (0.233)	Data 0.000 (0.001)	Loss 5.7987 (5.1988)	Prec@1 0.000 (1.106)	Prec@5 0.000 (5.113)
Epoch: [0][2640/9537], lr: 0.01000	Time 0.230 (0.233)	Data 0.000 (0.001)	Loss 4.6636 (5.1952)	Prec@1 0.000 (1.136)	Prec@5 0.000 (5.187)
Epoch: [0][2660/9537], lr: 0.01000	Time 0.230 (0.233)	Data 0.000 (0.001)	Loss 5.1141 (5.1932)	Prec@1 0.000 (1.165)	Prec@5 0.000 (5.224)
Epoch: [0][2680/9537], lr: 0.01000	Time 0.231 (0.233)	Data 0.000 (0.001)	Loss 4.7768 (5.1896)	Prec@1 0.000 (1.156)	Prec@5 0.000 (5.259)
Epoch: [0][2700/9537], lr: 0.01000	Time 0.229 (0.233)	Data 0.000 (0.001)	Loss 5.5823 (5.1856)	Prec@1 0.000 (1.148)	Prec@5 0.000 (5.257)
Epoch: [0][2720/9537], lr: 0.01000	Time 0.231 (0.233)	Data 0.000 (0.001)	Loss 4.1173 (5.1836)	Prec@1 0.000 (1.139)	Prec@5 0.000 (5.219)
Epoch: [0][2740/9537], lr: 0.01000	Time 0.229 (0.233)	Data 0.000 (0.001)	Loss 5.5187 (5.1796)	Prec@1 0.000 (1.131)	Prec@5 0.000 (5.254)
Epoch: [0][2760/9537], lr: 0.01000	Time 0.229 (0.233)	Data 0.000 (0.001)	Loss 4.7677 (5.1782)	Prec@1 0.000 (1.123)	Prec@5 0.000 (5.216)
Epoch: [0][2780/9537], lr: 0.01000	Time 0.230 (0.233)	Data 0.000 (0.001)	Loss 4.4133 (5.1752)	Prec@1 0.000 (1.115)	Prec@5 0.000 (5.178)
Epoch: [0][2800/9537], lr: 0.01000	Time 0.230 (0.233)	Data 0.000 (0.001)	Loss 3.8809 (5.1727)	Prec@1 0.000 (1.107)	Prec@5 0.000 (5.177)
Epoch: [0][2820/9537], lr: 0.01000	Time 0.230 (0.233)	Data 0.000 (0.001)	Loss 4.1429 (5.1696)	Prec@1 0.000 (1.134)	Prec@5 0.000 (5.175)
Epoch: [0][2840/9537], lr: 0.01000	Time 0.230 (0.233)	Data 0.000 (0.001)	Loss 4.4231 (5.1671)	Prec@1 0.000 (1.126)	Prec@5 0.000 (5.139)
Epoch: [0][2860/9537], lr: 0.01000	Time 0.230 (0.233)	Data 0.000 (0.001)	Loss 4.3618 (5.1667)	Prec@1 0.000 (1.118)	Prec@5 0.000 (5.103)
Epoch: [0][2880/9537], lr: 0.01000	Time 0.228 (0.233)	Data 0.000 (0.001)	Loss 3.4009 (5.1632)	Prec@1 0.000 (1.111)	Prec@5 100.000 (5.137)
Epoch: [0][2900/9537], lr: 0.01000	Time 0.229 (0.233)	Data 0.000 (0.001)	Loss 5.2983 (5.1615)	Prec@1 0.000 (1.103)	Prec@5 0.000 (5.136)
Epoch: [0][2920/9537], lr: 0.01000	Time 0.230 (0.233)	Data 0.000 (0.001)	Loss 4.6350 (5.1592)	Prec@1 0.000 (1.096)	Prec@5 0.000 (5.101)
Epoch: [0][2940/9537], lr: 0.01000	Time 0.229 (0.233)	Data 0.000 (0.001)	Loss 4.8491 (5.1580)	Prec@1 0.000 (1.088)	Prec@5 0.000 (5.100)
Epoch: [0][2960/9537], lr: 0.01000	Time 0.230 (0.233)	Data 0.000 (0.001)	Loss 4.7529 (5.1565)	Prec@1 0.000 (1.081)	Prec@5 0.000 (5.100)
Epoch: [0][2980/9537], lr: 0.01000	Time 0.230 (0.233)	Data 0.000 (0.001)	Loss 4.8919 (5.1547)	Prec@1 0.000 (1.073)	Prec@5 0.000 (5.065)
Epoch: [0][3000/9537], lr: 0.01000	Time 0.229 (0.233)	Data 0.000 (0.001)	Loss 5.2896 (5.1521)	Prec@1 0.000 (1.100)	Prec@5 0.000 (5.098)
Epoch: [0][3020/9537], lr: 0.01000	Time 0.227 (0.233)	Data 0.000 (0.001)	Loss 4.3706 (5.1523)	Prec@1 0.000 (1.092)	Prec@5 0.000 (5.065)
Epoch: [0][3040/9537], lr: 0.01000	Time 0.227 (0.233)	Data 0.000 (0.001)	Loss 5.1294 (5.1494)	Prec@1 0.000 (1.085)	Prec@5 0.000 (5.031)
Epoch: [0][3060/9537], lr: 0.01000	Time 0.230 (0.233)	Data 0.000 (0.001)	Loss 4.7680 (5.1469)	Prec@1 0.000 (1.111)	Prec@5 0.000 (5.064)
Epoch: [0][3080/9537], lr: 0.01000	Time 0.230 (0.233)	Data 0.000 (0.001)	Loss 5.2817 (5.1441)	Prec@1 0.000 (1.104)	Prec@5 0.000 (5.063)
Epoch: [0][3100/9537], lr: 0.01000	Time 0.228 (0.233)	Data 0.000 (0.001)	Loss 5.4838 (5.1423)	Prec@1 0.000 (1.096)	Prec@5 0.000 (5.063)
Epoch: [0][3120/9537], lr: 0.01000	Time 0.230 (0.233)	Data 0.000 (0.001)	Loss 5.2407 (5.1385)	Prec@1 0.000 (1.089)	Prec@5 0.000 (5.095)
Epoch: [0][3140/9537], lr: 0.01000	Time 0.229 (0.233)	Data 0.000 (0.001)	Loss 5.1246 (5.1381)	Prec@1 0.000 (1.082)	Prec@5 0.000 (5.062)
Epoch: [0][3160/9537], lr: 0.01000	Time 0.227 (0.233)	Data 0.000 (0.001)	Loss 5.4566 (5.1354)	Prec@1 0.000 (1.076)	Prec@5 0.000 (5.093)
Epoch: [0][3180/9537], lr: 0.01000	Time 0.230 (0.233)	Data 0.000 (0.001)	Loss 5.0986 (5.1337)	Prec@1 0.000 (1.069)	Prec@5 0.000 (5.093)
Epoch: [0][3200/9537], lr: 0.01000	Time 0.227 (0.233)	Data 0.000 (0.001)	Loss 3.8954 (5.1316)	Prec@1 0.000 (1.062)	Prec@5 0.000 (5.092)
Epoch: [0][3220/9537], lr: 0.01000	Time 0.228 (0.233)	Data 0.000 (0.001)	Loss 5.2392 (5.1303)	Prec@1 0.000 (1.056)	Prec@5 0.000 (5.061)
Epoch: [0][3240/9537], lr: 0.01000	Time 0.227 (0.233)	Data 0.000 (0.001)	Loss 6.0572 (5.1284)	Prec@1 0.000 (1.049)	Prec@5 0.000 (5.060)
Epoch: [0][3260/9537], lr: 0.01000	Time 0.230 (0.233)	Data 0.000 (0.001)	Loss 3.7771 (5.1249)	Prec@1 0.000 (1.043)	Prec@5 0.000 (5.060)
Epoch: [0][3280/9537], lr: 0.01000	Time 0.230 (0.233)	Data 0.000 (0.001)	Loss 3.9662 (5.1246)	Prec@1 0.000 (1.036)	Prec@5 0.000 (5.059)
Epoch: [0][3300/9537], lr: 0.01000	Time 0.228 (0.233)	Data 0.000 (0.001)	Loss 4.6996 (5.1227)	Prec@1 0.000 (1.030)	Prec@5 0.000 (5.029)
Epoch: [0][3320/9537], lr: 0.01000	Time 0.230 (0.233)	Data 0.000 (0.001)	Loss 3.5034 (5.1197)	Prec@1 0.000 (1.084)	Prec@5 100.000 (5.089)
Epoch: [0][3340/9537], lr: 0.01000	Time 0.230 (0.233)	Data 0.000 (0.001)	Loss 2.7314 (5.1173)	Prec@1 100.000 (1.137)	Prec@5 100.000 (5.118)
Epoch: [0][3360/9537], lr: 0.01000	Time 0.230 (0.233)	Data 0.000 (0.001)	Loss 5.3999 (5.1177)	Prec@1 0.000 (1.131)	Prec@5 0.000 (5.118)
Epoch: [0][3380/9537], lr: 0.01000	Time 0.229 (0.232)	Data 0.000 (0.001)	Loss 4.5514 (5.1155)	Prec@1 0.000 (1.124)	Prec@5 0.000 (5.117)
Epoch: [0][3400/9537], lr: 0.01000	Time 0.231 (0.232)	Data 0.000 (0.001)	Loss 5.1019 (5.1152)	Prec@1 0.000 (1.117)	Prec@5 0.000 (5.116)
Epoch: [0][3420/9537], lr: 0.01000	Time 0.231 (0.232)	Data 0.000 (0.001)	Loss 5.5730 (5.1132)	Prec@1 0.000 (1.111)	Prec@5 0.000 (5.115)
Epoch: [0][3440/9537], lr: 0.01000	Time 0.230 (0.232)	Data 0.000 (0.001)	Loss 5.5059 (5.1136)	Prec@1 0.000 (1.104)	Prec@5 0.000 (5.086)
Epoch: [0][3460/9537], lr: 0.01000	Time 0.229 (0.232)	Data 0.000 (0.001)	Loss 5.1515 (5.1126)	Prec@1 0.000 (1.098)	Prec@5 0.000 (5.085)
Epoch: [0][3480/9537], lr: 0.01000	Time 0.227 (0.232)	Data 0.000 (0.001)	Loss 5.2444 (5.1113)	Prec@1 0.000 (1.092)	Prec@5 0.000 (5.056)
Epoch: [0][3500/9537], lr: 0.01000	Time 0.230 (0.232)	Data 0.000 (0.001)	Loss 5.0376 (5.1095)	Prec@1 0.000 (1.085)	Prec@5 0.000 (5.027)
Epoch: [0][3520/9537], lr: 0.01000	Time 0.230 (0.232)	Data 0.000 (0.001)	Loss 5.4659 (5.1078)	Prec@1 0.000 (1.079)	Prec@5 0.000 (5.055)
Epoch: [0][3540/9537], lr: 0.01000	Time 0.229 (0.232)	Data 0.000 (0.001)	Loss 5.6466 (5.1072)	Prec@1 0.000 (1.073)	Prec@5 0.000 (5.027)
Epoch: [0][3560/9537], lr: 0.01000	Time 0.227 (0.232)	Data 0.000 (0.001)	Loss 5.2849 (5.1054)	Prec@1 0.000 (1.095)	Prec@5 0.000 (5.027)
Epoch: [0][3580/9537], lr: 0.01000	Time 0.229 (0.232)	Data 0.000 (0.001)	Loss 3.9215 (5.1044)	Prec@1 0.000 (1.089)	Prec@5 0.000 (4.999)
Epoch: [0][3600/9537], lr: 0.01000	Time 0.230 (0.232)	Data 0.000 (0.001)	Loss 3.4742 (5.1023)	Prec@1 0.000 (1.083)	Prec@5 100.000 (5.026)
Epoch: [0][3620/9537], lr: 0.01000	Time 0.230 (0.232)	Data 0.000 (0.001)	Loss 5.0029 (5.0998)	Prec@1 0.000 (1.077)	Prec@5 0.000 (5.026)
Epoch: [0][3640/9537], lr: 0.01000	Time 0.230 (0.232)	Data 0.000 (0.001)	Loss 3.9765 (5.0980)	Prec@1 0.000 (1.071)	Prec@5 0.000 (4.999)
Epoch: [0][3660/9537], lr: 0.01000	Time 0.230 (0.232)	Data 0.000 (0.001)	Loss 5.5157 (5.0952)	Prec@1 0.000 (1.093)	Prec@5 0.000 (5.081)
Epoch: [0][3680/9537], lr: 0.01000	Time 0.230 (0.232)	Data 0.000 (0.001)	Loss 4.5663 (5.0932)	Prec@1 0.000 (1.141)	Prec@5 0.000 (5.107)
Epoch: [0][3700/9537], lr: 0.01000	Time 0.228 (0.232)	Data 0.000 (0.001)	Loss 4.1460 (5.0924)	Prec@1 0.000 (1.135)	Prec@5 0.000 (5.107)
Epoch: [0][3720/9537], lr: 0.01000	Time 0.230 (0.232)	Data 0.000 (0.001)	Loss 5.3379 (5.0920)	Prec@1 0.000 (1.129)	Prec@5 0.000 (5.106)
Epoch: [0][3740/9537], lr: 0.01000	Time 0.230 (0.232)	Data 0.000 (0.001)	Loss 3.5125 (5.0898)	Prec@1 0.000 (1.123)	Prec@5 100.000 (5.106)
Epoch: [0][3760/9537], lr: 0.01000	Time 0.230 (0.232)	Data 0.000 (0.001)	Loss 5.8358 (5.0890)	Prec@1 0.000 (1.117)	Prec@5 0.000 (5.078)
Epoch: [0][3780/9537], lr: 0.01000	Time 0.229 (0.232)	Data 0.000 (0.001)	Loss 5.0418 (5.0877)	Prec@1 0.000 (1.137)	Prec@5 0.000 (5.104)
Epoch: [0][3800/9537], lr: 0.01000	Time 0.227 (0.232)	Data 0.000 (0.001)	Loss 4.8462 (5.0856)	Prec@1 0.000 (1.158)	Prec@5 0.000 (5.130)
Epoch: [0][3820/9537], lr: 0.01000	Time 0.227 (0.232)	Data 0.000 (0.001)	Loss 4.1460 (5.0843)	Prec@1 0.000 (1.152)	Prec@5 0.000 (5.156)
Epoch: [0][3840/9537], lr: 0.01000	Time 0.229 (0.232)	Data 0.000 (0.001)	Loss 4.6826 (5.0828)	Prec@1 0.000 (1.146)	Prec@5 0.000 (5.129)
Epoch: [0][3860/9537], lr: 0.01000	Time 0.231 (0.232)	Data 0.000 (0.001)	Loss 4.3246 (5.0812)	Prec@1 0.000 (1.140)	Prec@5 0.000 (5.128)
Epoch: [0][3880/9537], lr: 0.01000	Time 0.230 (0.232)	Data 0.000 (0.001)	Loss 5.5839 (5.0794)	Prec@1 0.000 (1.134)	Prec@5 0.000 (5.102)
Epoch: [0][3900/9537], lr: 0.01000	Time 0.230 (0.232)	Data 0.000 (0.001)	Loss 3.5983 (5.0782)	Prec@1 0.000 (1.128)	Prec@5 0.000 (5.101)
Epoch: [0][3920/9537], lr: 0.01000	Time 0.229 (0.232)	Data 0.000 (0.001)	Loss 5.9814 (5.0760)	Prec@1 0.000 (1.148)	Prec@5 0.000 (5.126)
Epoch: [0][3940/9537], lr: 0.01000	Time 0.229 (0.232)	Data 0.000 (0.001)	Loss 5.1144 (5.0759)	Prec@1 0.000 (1.142)	Prec@5 0.000 (5.100)
Epoch: [0][3960/9537], lr: 0.01000	Time 0.230 (0.232)	Data 0.000 (0.001)	Loss 4.7860 (5.0762)	Prec@1 0.000 (1.136)	Prec@5 0.000 (5.074)
Epoch: [0][3980/9537], lr: 0.01000	Time 0.227 (0.232)	Data 0.000 (0.001)	Loss 5.1604 (5.0756)	Prec@1 0.000 (1.130)	Prec@5 0.000 (5.049)
Epoch: [0][4000/9537], lr: 0.01000	Time 0.230 (0.232)	Data 0.000 (0.001)	Loss 5.5768 (5.0753)	Prec@1 0.000 (1.125)	Prec@5 0.000 (5.024)
Epoch: [0][4020/9537], lr: 0.01000	Time 0.230 (0.232)	Data 0.000 (0.001)	Loss 5.3769 (5.0741)	Prec@1 0.000 (1.119)	Prec@5 0.000 (4.999)
Epoch: [0][4040/9537], lr: 0.01000	Time 0.230 (0.232)	Data 0.000 (0.001)	Loss 4.0485 (5.0742)	Prec@1 0.000 (1.114)	Prec@5 0.000 (4.974)
Epoch: [0][4060/9537], lr: 0.01000	Time 0.230 (0.232)	Data 0.000 (0.001)	Loss 5.4140 (5.0731)	Prec@1 0.000 (1.108)	Prec@5 0.000 (4.974)
Epoch: [0][4080/9537], lr: 0.01000	Time 0.230 (0.232)	Data 0.000 (0.001)	Loss 4.9053 (5.0718)	Prec@1 0.000 (1.103)	Prec@5 0.000 (4.974)
Epoch: [0][4100/9537], lr: 0.01000	Time 0.230 (0.232)	Data 0.000 (0.001)	Loss 4.8829 (5.0712)	Prec@1 0.000 (1.097)	Prec@5 0.000 (4.974)
Epoch: [0][4120/9537], lr: 0.01000	Time 0.230 (0.232)	Data 0.000 (0.001)	Loss 5.0943 (5.0693)	Prec@1 0.000 (1.116)	Prec@5 0.000 (4.975)
Epoch: [0][4140/9537], lr: 0.01000	Time 0.228 (0.232)	Data 0.000 (0.001)	Loss 4.5698 (5.0681)	Prec@1 0.000 (1.111)	Prec@5 0.000 (4.999)
Epoch: [0][4160/9537], lr: 0.01000	Time 0.230 (0.232)	Data 0.000 (0.001)	Loss 5.6430 (5.0682)	Prec@1 0.000 (1.106)	Prec@5 0.000 (4.975)
Epoch: [0][4180/9537], lr: 0.01000	Time 0.228 (0.232)	Data 0.000 (0.001)	Loss 4.6118 (5.0669)	Prec@1 0.000 (1.100)	Prec@5 0.000 (4.951)
Epoch: [0][4200/9537], lr: 0.01000	Time 0.228 (0.232)	Data 0.000 (0.001)	Loss 5.0993 (5.0663)	Prec@1 0.000 (1.095)	Prec@5 0.000 (4.927)
Epoch: [0][4220/9537], lr: 0.01000	Time 0.230 (0.232)	Data 0.000 (0.001)	Loss 5.0510 (5.0646)	Prec@1 0.000 (1.090)	Prec@5 0.000 (4.975)
Epoch: [0][4240/9537], lr: 0.01000	Time 0.227 (0.232)	Data 0.000 (0.001)	Loss 4.2012 (5.0640)	Prec@1 0.000 (1.085)	Prec@5 0.000 (4.952)
Epoch: [0][4260/9537], lr: 0.01000	Time 0.230 (0.232)	Data 0.000 (0.001)	Loss 4.4787 (5.0641)	Prec@1 0.000 (1.080)	Prec@5 0.000 (4.928)
Epoch: [0][4280/9537], lr: 0.01000	Time 0.228 (0.232)	Data 0.000 (0.001)	Loss 3.8576 (5.0632)	Prec@1 0.000 (1.075)	Prec@5 0.000 (4.905)
Epoch: [0][4300/9537], lr: 0.01000	Time 0.228 (0.232)	Data 0.000 (0.001)	Loss 4.5475 (5.0614)	Prec@1 0.000 (1.093)	Prec@5 0.000 (4.906)
Epoch: [0][4320/9537], lr: 0.01000	Time 0.340 (0.232)	Data 0.113 (0.001)	Loss 5.0150 (5.0605)	Prec@1 0.000 (1.088)	Prec@5 0.000 (4.883)
Epoch: [0][4340/9537], lr: 0.01000	Time 0.230 (0.232)	Data 0.000 (0.001)	Loss 3.7873 (5.0594)	Prec@1 0.000 (1.083)	Prec@5 100.000 (4.884)
Epoch: [0][4360/9537], lr: 0.01000	Time 0.231 (0.232)	Data 0.000 (0.001)	Loss 4.9867 (5.0581)	Prec@1 0.000 (1.078)	Prec@5 0.000 (4.884)
Epoch: [0][4380/9537], lr: 0.01000	Time 0.229 (0.232)	Data 0.000 (0.001)	Loss 4.8041 (5.0572)	Prec@1 0.000 (1.073)	Prec@5 0.000 (4.862)
Epoch: [0][4400/9537], lr: 0.01000	Time 0.229 (0.232)	Data 0.000 (0.001)	Loss 4.8203 (5.0564)	Prec@1 0.000 (1.068)	Prec@5 0.000 (4.863)
Epoch: [0][4420/9537], lr: 0.01000	Time 0.230 (0.232)	Data 0.000 (0.001)	Loss 5.4630 (5.0543)	Prec@1 0.000 (1.063)	Prec@5 0.000 (4.863)
Epoch: [0][4440/9537], lr: 0.01000	Time 0.231 (0.232)	Data 0.000 (0.001)	Loss 5.0662 (5.0542)	Prec@1 0.000 (1.058)	Prec@5 0.000 (4.841)
Epoch: [0][4460/9537], lr: 0.01000	Time 0.229 (0.232)	Data 0.000 (0.001)	Loss 3.3619 (5.0534)	Prec@1 0.000 (1.054)	Prec@5 100.000 (4.842)
Epoch: [0][4480/9537], lr: 0.01000	Time 0.229 (0.232)	Data 0.000 (0.001)	Loss 4.7900 (5.0523)	Prec@1 0.000 (1.049)	Prec@5 0.000 (4.865)
Epoch: [0][4500/9537], lr: 0.01000	Time 0.230 (0.232)	Data 0.000 (0.001)	Loss 4.5064 (5.0519)	Prec@1 0.000 (1.044)	Prec@5 0.000 (4.843)
Epoch: [0][4520/9537], lr: 0.01000	Time 0.230 (0.232)	Data 0.000 (0.001)	Loss 4.3196 (5.0510)	Prec@1 0.000 (1.040)	Prec@5 0.000 (4.822)
Epoch: [0][4540/9537], lr: 0.01000	Time 0.230 (0.232)	Data 0.000 (0.001)	Loss 4.4184 (5.0501)	Prec@1 0.000 (1.057)	Prec@5 0.000 (4.845)
Epoch: [0][4560/9537], lr: 0.01000	Time 0.230 (0.232)	Data 0.000 (0.001)	Loss 4.5485 (5.0497)	Prec@1 0.000 (1.052)	Prec@5 0.000 (4.845)
Epoch: [0][4580/9537], lr: 0.01000	Time 0.230 (0.232)	Data 0.000 (0.001)	Loss 5.2951 (5.0487)	Prec@1 0.000 (1.048)	Prec@5 0.000 (4.824)
Epoch: [0][4600/9537], lr: 0.01000	Time 0.227 (0.232)	Data 0.000 (0.001)	Loss 5.7712 (5.0468)	Prec@1 0.000 (1.065)	Prec@5 0.000 (4.869)
Epoch: [0][4620/9537], lr: 0.01000	Time 0.230 (0.232)	Data 0.000 (0.001)	Loss 6.6713 (5.0464)	Prec@1 0.000 (1.082)	Prec@5 0.000 (4.869)
Epoch: [0][4640/9537], lr: 0.01000	Time 0.229 (0.232)	Data 0.000 (0.001)	Loss 5.1840 (5.0436)	Prec@1 0.000 (1.120)	Prec@5 0.000 (4.934)
Epoch: [0][4660/9537], lr: 0.01000	Time 0.234 (0.232)	Data 0.000 (0.001)	Loss 3.2155 (5.0415)	Prec@1 0.000 (1.116)	Prec@5 100.000 (4.977)
Epoch: [0][4680/9537], lr: 0.01000	Time 0.230 (0.232)	Data 0.000 (0.001)	Loss 5.1443 (5.0412)	Prec@1 0.000 (1.111)	Prec@5 0.000 (4.956)
Epoch: [0][4700/9537], lr: 0.01000	Time 0.230 (0.232)	Data 0.000 (0.001)	Loss 5.0188 (5.0414)	Prec@1 0.000 (1.106)	Prec@5 0.000 (4.956)
Epoch: [0][4720/9537], lr: 0.01000	Time 0.230 (0.232)	Data 0.000 (0.001)	Loss 6.2269 (5.0404)	Prec@1 0.000 (1.101)	Prec@5 0.000 (4.978)
Epoch: [0][4740/9537], lr: 0.01000	Time 0.230 (0.232)	Data 0.000 (0.001)	Loss 4.8148 (5.0398)	Prec@1 0.000 (1.097)	Prec@5 0.000 (4.957)
Epoch: [0][4760/9537], lr: 0.01000	Time 0.230 (0.232)	Data 0.000 (0.001)	Loss 4.8752 (5.0387)	Prec@1 0.000 (1.092)	Prec@5 0.000 (4.936)
Epoch: [0][4780/9537], lr: 0.01000	Time 0.230 (0.232)	Data 0.000 (0.001)	Loss 5.3891 (5.0389)	Prec@1 0.000 (1.088)	Prec@5 0.000 (4.957)
Epoch: [0][4800/9537], lr: 0.01000	Time 0.230 (0.232)	Data 0.000 (0.001)	Loss 4.0401 (5.0374)	Prec@1 0.000 (1.083)	Prec@5 0.000 (4.957)
Epoch: [0][4820/9537], lr: 0.01000	Time 0.231 (0.232)	Data 0.000 (0.001)	Loss 4.1468 (5.0371)	Prec@1 0.000 (1.079)	Prec@5 0.000 (4.937)
Epoch: [0][4840/9537], lr: 0.01000	Time 0.229 (0.232)	Data 0.000 (0.001)	Loss 4.5968 (5.0365)	Prec@1 0.000 (1.074)	Prec@5 0.000 (4.958)
Epoch: [0][4860/9537], lr: 0.01000	Time 0.228 (0.232)	Data 0.000 (0.001)	Loss 5.1559 (5.0359)	Prec@1 0.000 (1.070)	Prec@5 0.000 (4.937)
Epoch: [0][4880/9537], lr: 0.01000	Time 0.230 (0.232)	Data 0.000 (0.001)	Loss 3.8880 (5.0349)	Prec@1 0.000 (1.086)	Prec@5 0.000 (4.938)
Epoch: [0][4900/9537], lr: 0.01000	Time 0.229 (0.232)	Data 0.000 (0.001)	Loss 4.1928 (5.0335)	Prec@1 0.000 (1.081)	Prec@5 0.000 (4.917)
Epoch: [0][4920/9537], lr: 0.01000	Time 0.229 (0.232)	Data 0.000 (0.001)	Loss 5.0279 (5.0333)	Prec@1 0.000 (1.097)	Prec@5 0.000 (4.918)
Epoch: [0][4940/9537], lr: 0.01000	Time 0.229 (0.232)	Data 0.000 (0.001)	Loss 5.2712 (5.0324)	Prec@1 0.000 (1.093)	Prec@5 0.000 (4.959)
Epoch: [0][4960/9537], lr: 0.01000	Time 0.231 (0.232)	Data 0.000 (0.001)	Loss 4.3174 (5.0328)	Prec@1 0.000 (1.088)	Prec@5 0.000 (4.939)
Epoch: [0][4980/9537], lr: 0.01000	Time 0.230 (0.232)	Data 0.000 (0.001)	Loss 3.9978 (5.0310)	Prec@1 0.000 (1.104)	Prec@5 0.000 (4.979)
Epoch: [0][5000/9537], lr: 0.01000	Time 0.227 (0.232)	Data 0.000 (0.001)	Loss 4.8944 (5.0307)	Prec@1 0.000 (1.100)	Prec@5 0.000 (4.979)
Epoch: [0][5020/9537], lr: 0.01000	Time 0.230 (0.232)	Data 0.000 (0.001)	Loss 4.5862 (5.0294)	Prec@1 0.000 (1.115)	Prec@5 0.000 (4.999)
Epoch: [0][5040/9537], lr: 0.01000	Time 0.230 (0.232)	Data 0.000 (0.001)	Loss 3.7711 (5.0286)	Prec@1 0.000 (1.111)	Prec@5 0.000 (5.039)
Epoch: [0][5060/9537], lr: 0.01000	Time 0.230 (0.232)	Data 0.000 (0.001)	Loss 4.9097 (5.0284)	Prec@1 0.000 (1.107)	Prec@5 0.000 (5.019)
Epoch: [0][5080/9537], lr: 0.01000	Time 0.230 (0.232)	Data 0.000 (0.001)	Loss 4.6391 (5.0279)	Prec@1 0.000 (1.102)	Prec@5 0.000 (4.999)
Epoch: [0][5100/9537], lr: 0.01000	Time 0.229 (0.232)	Data 0.000 (0.001)	Loss 5.1334 (5.0272)	Prec@1 0.000 (1.098)	Prec@5 0.000 (5.019)
Epoch: [0][5120/9537], lr: 0.01000	Time 0.229 (0.232)	Data 0.000 (0.001)	Loss 5.4872 (5.0260)	Prec@1 0.000 (1.094)	Prec@5 0.000 (5.038)
Epoch: [0][5140/9537], lr: 0.01000	Time 0.229 (0.232)	Data 0.000 (0.001)	Loss 5.0524 (5.0257)	Prec@1 0.000 (1.089)	Prec@5 0.000 (5.018)
Epoch: [0][5160/9537], lr: 0.01000	Time 0.230 (0.232)	Data 0.000 (0.001)	Loss 5.0204 (5.0254)	Prec@1 0.000 (1.104)	Prec@5 0.000 (5.018)
Epoch: [0][5180/9537], lr: 0.01000	Time 0.232 (0.232)	Data 0.000 (0.001)	Loss 5.1187 (5.0237)	Prec@1 0.000 (1.100)	Prec@5 0.000 (5.018)
Epoch: [0][5200/9537], lr: 0.01000	Time 0.231 (0.232)	Data 0.000 (0.001)	Loss 4.8352 (5.0229)	Prec@1 0.000 (1.096)	Prec@5 0.000 (5.018)
Epoch: [0][5220/9537], lr: 0.01000	Time 0.232 (0.232)	Data 0.000 (0.001)	Loss 3.2904 (5.0222)	Prec@1 0.000 (1.092)	Prec@5 100.000 (5.037)
Epoch: [0][5240/9537], lr: 0.01000	Time 0.245 (0.232)	Data 0.000 (0.001)	Loss 5.1439 (5.0215)	Prec@1 0.000 (1.088)	Prec@5 0.000 (5.037)
Epoch: [0][5260/9537], lr: 0.01000	Time 0.244 (0.232)	Data 0.000 (0.001)	Loss 4.6309 (5.0205)	Prec@1 0.000 (1.083)	Prec@5 0.000 (5.018)
Epoch: [0][5280/9537], lr: 0.01000	Time 0.230 (0.232)	Data 0.000 (0.001)	Loss 3.9846 (5.0207)	Prec@1 0.000 (1.079)	Prec@5 0.000 (5.018)
Epoch: [0][5300/9537], lr: 0.01000	Time 0.253 (0.232)	Data 0.000 (0.001)	Loss 3.8840 (5.0201)	Prec@1 0.000 (1.075)	Prec@5 0.000 (5.018)
Epoch: [0][5320/9537], lr: 0.01000	Time 0.230 (0.232)	Data 0.000 (0.001)	Loss 5.0091 (5.0202)	Prec@1 0.000 (1.090)	Prec@5 0.000 (5.018)
Epoch: [0][5340/9537], lr: 0.01000	Time 0.246 (0.232)	Data 0.000 (0.001)	Loss 5.6307 (5.0192)	Prec@1 0.000 (1.105)	Prec@5 0.000 (5.074)
Epoch: [0][5360/9537], lr: 0.01000	Time 0.237 (0.232)	Data 0.000 (0.001)	Loss 5.2053 (5.0181)	Prec@1 0.000 (1.138)	Prec@5 0.000 (5.111)
Epoch: [0][5380/9537], lr: 0.01000	Time 0.232 (0.232)	Data 0.000 (0.001)	Loss 5.6056 (5.0174)	Prec@1 0.000 (1.134)	Prec@5 0.000 (5.111)
Epoch: [0][5400/9537], lr: 0.01000	Time 0.231 (0.232)	Data 0.000 (0.001)	Loss 4.0727 (5.0163)	Prec@1 0.000 (1.129)	Prec@5 0.000 (5.092)
Epoch: [0][5420/9537], lr: 0.01000	Time 0.229 (0.232)	Data 0.000 (0.001)	Loss 3.7871 (5.0154)	Prec@1 0.000 (1.125)	Prec@5 0.000 (5.110)
Epoch: [0][5440/9537], lr: 0.01000	Time 0.248 (0.232)	Data 0.000 (0.001)	Loss 5.0600 (5.0160)	Prec@1 0.000 (1.121)	Prec@5 0.000 (5.091)
Epoch: [0][5460/9537], lr: 0.01000	Time 0.230 (0.232)	Data 0.000 (0.001)	Loss 4.8549 (5.0146)	Prec@1 0.000 (1.117)	Prec@5 0.000 (5.109)
Epoch: [0][5480/9537], lr: 0.01000	Time 0.231 (0.232)	Data 0.000 (0.001)	Loss 5.2830 (5.0132)	Prec@1 0.000 (1.113)	Prec@5 0.000 (5.127)
Epoch: [0][5500/9537], lr: 0.01000	Time 0.248 (0.232)	Data 0.000 (0.001)	Loss 5.3406 (5.0132)	Prec@1 0.000 (1.127)	Prec@5 0.000 (5.126)
Epoch: [0][5520/9537], lr: 0.01000	Time 0.238 (0.232)	Data 0.000 (0.001)	Loss 4.3748 (5.0123)	Prec@1 0.000 (1.123)	Prec@5 0.000 (5.108)
Epoch: [0][5540/9537], lr: 0.01000	Time 0.230 (0.232)	Data 0.000 (0.001)	Loss 5.6685 (5.0109)	Prec@1 0.000 (1.119)	Prec@5 0.000 (5.125)
Epoch: [0][5560/9537], lr: 0.01000	Time 0.235 (0.232)	Data 0.000 (0.001)	Loss 4.9782 (5.0108)	Prec@1 0.000 (1.115)	Prec@5 0.000 (5.107)
Epoch: [0][5580/9537], lr: 0.01000	Time 0.233 (0.232)	Data 0.000 (0.001)	Loss 4.5628 (5.0108)	Prec@1 0.000 (1.111)	Prec@5 0.000 (5.089)
Epoch: [0][5600/9537], lr: 0.01000	Time 0.231 (0.232)	Data 0.000 (0.001)	Loss 5.2524 (5.0108)	Prec@1 0.000 (1.107)	Prec@5 0.000 (5.106)
Epoch: [0][5620/9537], lr: 0.01000	Time 0.231 (0.232)	Data 0.000 (0.001)	Loss 5.7193 (5.0105)	Prec@1 0.000 (1.103)	Prec@5 0.000 (5.088)
Epoch: [0][5640/9537], lr: 0.01000	Time 0.231 (0.232)	Data 0.000 (0.001)	Loss 4.4767 (5.0105)	Prec@1 0.000 (1.099)	Prec@5 0.000 (5.070)
Epoch: [0][5660/9537], lr: 0.01000	Time 0.231 (0.232)	Data 0.000 (0.001)	Loss 4.7514 (5.0102)	Prec@1 0.000 (1.095)	Prec@5 0.000 (5.052)
Epoch: [0][5680/9537], lr: 0.01000	Time 0.232 (0.232)	Data 0.000 (0.001)	Loss 5.1303 (5.0098)	Prec@1 0.000 (1.091)	Prec@5 0.000 (5.034)
Epoch: [0][5700/9537], lr: 0.01000	Time 0.229 (0.232)	Data 0.000 (0.001)	Loss 5.7847 (5.0089)	Prec@1 0.000 (1.088)	Prec@5 0.000 (5.087)
Epoch: [0][5720/9537], lr: 0.01000	Time 0.230 (0.232)	Data 0.000 (0.001)	Loss 4.3916 (5.0078)	Prec@1 0.000 (1.101)	Prec@5 0.000 (5.104)
Epoch: [0][5740/9537], lr: 0.01000	Time 0.230 (0.232)	Data 0.000 (0.001)	Loss 4.9735 (5.0078)	Prec@1 0.000 (1.097)	Prec@5 0.000 (5.086)
Epoch: [0][5760/9537], lr: 0.01000	Time 0.254 (0.232)	Data 0.000 (0.001)	Loss 5.5882 (5.0068)	Prec@1 0.000 (1.094)	Prec@5 0.000 (5.086)
Epoch: [0][5780/9537], lr: 0.01000	Time 0.231 (0.232)	Data 0.000 (0.001)	Loss 4.8189 (5.0060)	Prec@1 0.000 (1.107)	Prec@5 0.000 (5.103)
Epoch: [0][5800/9537], lr: 0.01000	Time 0.235 (0.232)	Data 0.000 (0.001)	Loss 4.7439 (5.0060)	Prec@1 0.000 (1.103)	Prec@5 0.000 (5.085)
Epoch: [0][5820/9537], lr: 0.01000	Time 0.232 (0.232)	Data 0.000 (0.001)	Loss 4.6514 (5.0056)	Prec@1 0.000 (1.099)	Prec@5 0.000 (5.068)
Epoch: [0][5840/9537], lr: 0.01000	Time 0.238 (0.232)	Data 0.000 (0.001)	Loss 5.9325 (5.0051)	Prec@1 0.000 (1.096)	Prec@5 0.000 (5.051)
Epoch: [0][5860/9537], lr: 0.01000	Time 0.246 (0.232)	Data 0.000 (0.001)	Loss 5.4666 (5.0045)	Prec@1 0.000 (1.092)	Prec@5 0.000 (5.033)
Epoch: [0][5880/9537], lr: 0.01000	Time 0.231 (0.232)	Data 0.000 (0.001)	Loss 4.2053 (5.0043)	Prec@1 0.000 (1.088)	Prec@5 0.000 (5.050)
Epoch: [0][5900/9537], lr: 0.01000	Time 0.232 (0.232)	Data 0.000 (0.001)	Loss 4.8356 (5.0033)	Prec@1 0.000 (1.085)	Prec@5 0.000 (5.067)
Epoch: [0][5920/9537], lr: 0.01000	Time 0.237 (0.232)	Data 0.000 (0.001)	Loss 5.3394 (5.0026)	Prec@1 0.000 (1.081)	Prec@5 0.000 (5.067)
Epoch: [0][5940/9537], lr: 0.01000	Time 0.237 (0.232)	Data 0.000 (0.001)	Loss 4.2682 (5.0025)	Prec@1 0.000 (1.077)	Prec@5 0.000 (5.066)
Epoch: [0][5960/9537], lr: 0.01000	Time 0.231 (0.232)	Data 0.000 (0.001)	Loss 5.1232 (5.0019)	Prec@1 0.000 (1.074)	Prec@5 0.000 (5.066)
Epoch: [0][5980/9537], lr: 0.01000	Time 0.231 (0.232)	Data 0.000 (0.001)	Loss 4.5540 (5.0014)	Prec@1 0.000 (1.087)	Prec@5 0.000 (5.083)
Epoch: [0][6000/9537], lr: 0.01000	Time 0.231 (0.232)	Data 0.000 (0.001)	Loss 5.4505 (5.0019)	Prec@1 0.000 (1.083)	Prec@5 0.000 (5.066)
Epoch: [0][6020/9537], lr: 0.01000	Time 0.229 (0.232)	Data 0.000 (0.001)	Loss 3.2521 (5.0007)	Prec@1 0.000 (1.080)	Prec@5 100.000 (5.082)
Epoch: [0][6040/9537], lr: 0.01000	Time 0.232 (0.232)	Data 0.000 (0.001)	Loss 4.5571 (5.0010)	Prec@1 0.000 (1.076)	Prec@5 0.000 (5.082)
Epoch: [0][6060/9537], lr: 0.01000	Time 0.231 (0.232)	Data 0.000 (0.001)	Loss 6.2207 (5.0005)	Prec@1 0.000 (1.072)	Prec@5 0.000 (5.098)
Epoch: [0][6080/9537], lr: 0.01000	Time 0.231 (0.232)	Data 0.000 (0.001)	Loss 4.9351 (4.9994)	Prec@1 0.000 (1.069)	Prec@5 0.000 (5.131)
